"sensor_id"|"gateway_id"|"datacoleta"|"valorcoletado"
1|1|"2016-06-01 00:00:00"|15,093361857162899
1|1|"2016-06-01 00:30:00"|15,011294977504784
1|1|"2016-06-01 01:00:00"|15,52202394924573
1|1|"2016-06-01 01:30:00"|14,931160104085695
1|1|"2016-06-01 02:00:00"|15,464862949535123
1|1|"2016-06-01 02:30:00"|15,467742292361052
1|1|"2016-06-01 03:00:00"|15,230457099085797
1|1|"2016-06-01 03:30:00"|15,251334371059798
1|1|"2016-06-01 04:00:00"|15,30553705967743
1|1|"2016-06-01 04:30:00"|15,391238012790078
1|1|"2016-06-01 05:00:00"|15,711199909605906
1|1|"2016-06-01 05:30:00"|15,828017922647097
1|1|"2016-06-01 06:00:00"|15,818583558804704
1|1|"2016-06-01 06:30:00"|15,742437098897122
1|1|"2016-06-01 07:00:00"|15,77375298025044
1|1|"2016-06-01 07:30:00"|15,507386241338008
1|1|"2016-06-01 08:00:00"|15,795520699164381
1|1|"2016-06-01 08:30:00"|15,733426176830113
1|1|"2016-06-01 09:00:00"|15,902603392570928
1|1|"2016-06-01 09:30:00"|15,551191975312346
1|1|"2016-06-01 10:00:00"|15,902688104407513
1|1|"2016-06-01 10:30:00"|16,00051326905756
1|1|"2016-06-01 11:00:00"|16,17019648197756
1|1|"2016-06-01 11:30:00"|16,308275875630297
1|1|"2016-06-01 12:00:00"|15,880995942713977
1|1|"2016-06-01 12:30:00"|15,971733731704324
1|1|"2016-06-01 13:00:00"|16,70307033572733
1|1|"2016-06-01 13:30:00"|16,325485523445217
1|1|"2016-06-01 14:00:00"|16,499058353033526
1|1|"2016-06-01 14:30:00"|16,186385540351573
1|1|"2016-06-01 15:00:00"|16,410391188160595
1|1|"2016-06-01 15:30:00"|16,13498751974621
1|1|"2016-06-01 16:00:00"|16,509656637429675
1|1|"2016-06-01 16:30:00"|16,220378711946932
1|1|"2016-06-01 17:00:00"|16,13653118116293
1|1|"2016-06-01 17:30:00"|16,343452697961897
1|1|"2016-06-01 18:00:00"|16,3352502287741
1|1|"2016-06-01 18:30:00"|16,39056606054779
1|1|"2016-06-01 19:00:00"|17,141633172345692
1|1|"2016-06-01 19:30:00"|16,78900346422349
1|1|"2016-06-01 20:00:00"|16,725147577356868
1|1|"2016-06-01 20:30:00"|16,661103356585922
1|1|"2016-06-01 21:00:00"|17,395153007175203
1|1|"2016-06-01 21:30:00"|16,949395143029946
1|1|"2016-06-01 22:00:00"|17,078341226098583
1|1|"2016-06-01 22:30:00"|16,6441253506477
1|1|"2016-06-01 23:00:00"|17,08420274709465
1|1|"2016-06-01 23:30:00"|16,701175986833924
1|1|"2016-06-02 00:00:00"|17,19098914608589
1|1|"2016-06-02 00:30:00"|16,98058835535597
1|1|"2016-06-02 01:00:00"|17,051396030212143
1|1|"2016-06-02 01:30:00"|16,881175053330697
1|1|"2016-06-02 02:00:00"|17,45837044606244
1|1|"2016-06-02 02:30:00"|17,4817285299342
1|1|"2016-06-02 03:00:00"|17,133109885959918
1|1|"2016-06-02 03:30:00"|17,619725297713977
1|1|"2016-06-02 04:00:00"|17,461158953096778
1|1|"2016-06-02 04:30:00"|17,35967126803478
1|1|"2016-06-02 05:00:00"|17,66632538007695
1|1|"2016-06-02 05:30:00"|17,382141519623485
1|1|"2016-06-02 06:00:00"|17,527153986352406
1|1|"2016-06-02 06:30:00"|17,796885159728255
1|1|"2016-06-02 07:00:00"|17,667348687694528
1|1|"2016-06-02 07:30:00"|18,091418877039057
1|1|"2016-06-02 08:00:00"|17,462300388990474
1|1|"2016-06-02 08:30:00"|17,01567910414428
1|1|"2016-06-02 09:00:00"|18,31104705203409
1|1|"2016-06-02 09:30:00"|17,417641728027498
1|1|"2016-06-02 10:00:00"|17,781260292410284
1|1|"2016-06-02 10:30:00"|17,838468391732277
1|1|"2016-06-02 11:00:00"|17,8214647816308
1|1|"2016-06-02 11:30:00"|17,932888548841643
1|1|"2016-06-02 12:00:00"|17,704983873951868
1|1|"2016-06-02 12:30:00"|17,70796669653529
1|1|"2016-06-02 13:00:00"|18,35867317832788
1|1|"2016-06-02 13:30:00"|18,031822573111004
1|1|"2016-06-02 14:00:00"|18,1227435419189
1|1|"2016-06-02 14:30:00"|18,46412031553175
1|1|"2016-06-02 15:00:00"|18,077094750067456
1|1|"2016-06-02 15:30:00"|18,780989806745954
1|1|"2016-06-02 16:00:00"|18,281415269534158
1|1|"2016-06-02 16:30:00"|18,19235534045764
1|1|"2016-06-02 17:00:00"|18,548893741522456
1|1|"2016-06-02 17:30:00"|18,376624540852486
1|1|"2016-06-02 18:00:00"|18,306992317429398
1|1|"2016-06-02 18:30:00"|18,32449715284551
1|1|"2016-06-02 19:00:00"|18,286957760633182
1|1|"2016-06-02 19:30:00"|18,163812612706145
1|1|"2016-06-02 20:00:00"|18,763842739627304
1|1|"2016-06-02 20:30:00"|18,244316326894864
1|1|"2016-06-02 21:00:00"|18,641477078934805
1|1|"2016-06-02 21:30:00"|18,52941938871116
1|1|"2016-06-02 22:00:00"|18,248320108262007
1|1|"2016-06-02 22:30:00"|18,553242971082817
1|1|"2016-06-02 23:00:00"|18,988913458587472
1|1|"2016-06-02 23:30:00"|18,46221140484112
1|1|"2016-06-03 00:00:00"|18,66217823543791
1|1|"2016-06-03 00:30:00"|19,084617507240008
1|1|"2016-06-03 01:00:00"|18,760177816321743
1|1|"2016-06-03 01:30:00"|18,63027198009738
1|1|"2016-06-03 02:00:00"|19,676093537111413
1|1|"2016-06-03 02:30:00"|19,22501434418091
1|1|"2016-06-03 03:00:00"|19,18516502404225
1|1|"2016-06-03 03:30:00"|19,60344868546373
1|1|"2016-06-03 04:00:00"|19,492187176562194
1|1|"2016-06-03 04:30:00"|19,410791137605106
1|1|"2016-06-03 05:00:00"|19,29194165645702
1|1|"2016-06-03 05:30:00"|19,560714095988587
1|1|"2016-06-03 06:00:00"|19,384264748744407
1|1|"2016-06-03 06:30:00"|19,573977250026637
1|1|"2016-06-03 07:00:00"|18,998307997396843
1|1|"2016-06-03 07:30:00"|19,52797975902829
1|1|"2016-06-03 08:00:00"|19,610022232240436
1|1|"2016-06-03 08:30:00"|19,686471762447972
1|1|"2016-06-03 09:00:00"|19,042570379659374
1|1|"2016-06-03 09:30:00"|19,905163437530593
1|1|"2016-06-03 10:00:00"|19,45477618555822
1|1|"2016-06-03 10:30:00"|19,59929426068357
1|1|"2016-06-03 11:00:00"|19,9269390757319
1|1|"2016-06-03 11:30:00"|19,45625115192342
1|1|"2016-06-03 12:00:00"|19,24261112058463
1|1|"2016-06-03 12:30:00"|20,26470654802942
1|1|"2016-06-03 13:00:00"|20,25241301367841
1|1|"2016-06-03 13:30:00"|20,310301650333493
1|1|"2016-06-03 14:00:00"|20,091937631423896
1|1|"2016-06-03 14:30:00"|19,749288923210305
1|1|"2016-06-03 15:00:00"|19,73830854455567
1|1|"2016-06-03 15:30:00"|20,14264945589487
1|1|"2016-06-03 16:00:00"|20,483329779511774
1|1|"2016-06-03 16:30:00"|20,20694983025938
1|1|"2016-06-03 17:00:00"|20,235577241898916
1|1|"2016-06-03 17:30:00"|20,600303145690077
1|1|"2016-06-03 18:00:00"|20,50047347958727
1|1|"2016-06-03 18:30:00"|20,18791291656648
1|1|"2016-06-03 19:00:00"|20,26669101996277
1|1|"2016-06-03 19:30:00"|20,23006792619015
1|1|"2016-06-03 20:00:00"|20,495420891752413
1|1|"2016-06-03 20:30:00"|20,056844080236296
1|1|"2016-06-03 21:00:00"|20,43649377136316
1|1|"2016-06-03 21:30:00"|20,60050784362103
1|1|"2016-06-03 22:00:00"|20,719261288916833
1|1|"2016-06-03 22:30:00"|20,712839922804786
1|1|"2016-06-03 23:00:00"|20,35673531377496
1|1|"2016-06-03 23:30:00"|21,002508573039922
1|1|"2016-06-04 00:00:00"|20,844259517427712
1|1|"2016-06-04 00:30:00"|20,834483896154648
1|1|"2016-06-04 01:00:00"|21,092956774169778
1|1|"2016-06-04 01:30:00"|20,518580743503794
1|1|"2016-06-04 02:00:00"|20,55922281843745
1|1|"2016-06-04 02:30:00"|20,89067686453344
1|1|"2016-06-04 03:00:00"|20,799098589042874
1|1|"2016-06-04 03:30:00"|20,557724891567865
1|1|"2016-06-04 04:00:00"|21,16272735244217
1|1|"2016-06-04 04:30:00"|20,76441301936563
1|1|"2016-06-04 05:00:00"|20,687905206733962
1|1|"2016-06-04 05:30:00"|21,85728758215243
1|1|"2016-06-04 06:00:00"|20,807022443475496
1|1|"2016-06-04 06:30:00"|20,970746704739135
1|1|"2016-06-04 07:00:00"|21,061709611687036
1|1|"2016-06-04 07:30:00"|20,891737160807942
1|1|"2016-06-04 08:00:00"|21,2365466644504
1|1|"2016-06-04 08:30:00"|20,965460520208136
1|1|"2016-06-04 09:00:00"|21,240074449036758
1|1|"2016-06-04 09:30:00"|21,009417802795685
1|1|"2016-06-04 10:00:00"|21,637210141082324
1|1|"2016-06-04 10:30:00"|20,929184218134747
1|1|"2016-06-04 11:00:00"|21,5856594588478
1|1|"2016-06-04 11:30:00"|22,05363885244983
1|1|"2016-06-04 12:00:00"|21,419297433896435
1|1|"2016-06-04 12:30:00"|21,749627089598008
1|1|"2016-06-04 13:00:00"|21,919855958289524
1|1|"2016-06-04 13:30:00"|21,353283695446937
1|1|"2016-06-04 14:00:00"|21,340865652472125
1|1|"2016-06-04 14:30:00"|21,851764632561064
1|1|"2016-06-04 15:00:00"|22,2059297503716
1|1|"2016-06-04 15:30:00"|22,41286452088226
1|1|"2016-06-04 16:00:00"|21,844410518239236
1|1|"2016-06-04 16:30:00"|22,126654859508243
1|1|"2016-06-04 17:00:00"|22,309324373796958
1|1|"2016-06-04 17:30:00"|22,59741486787893
1|1|"2016-06-04 18:00:00"|22,350438469239784
1|1|"2016-06-04 18:30:00"|22,19513299728849
1|1|"2016-06-04 19:00:00"|22,18251145093396
1|1|"2016-06-04 19:30:00"|22,393240982819
1|1|"2016-06-04 20:00:00"|22,195723609227223
1|1|"2016-06-04 20:30:00"|22,236782377693252
1|1|"2016-06-04 21:00:00"|23,20106531286338
1|1|"2016-06-04 21:30:00"|22,55482660542483
1|1|"2016-06-04 22:00:00"|22,649258230217608
1|1|"2016-06-04 22:30:00"|23,067016115831702
1|1|"2016-06-04 23:00:00"|21,993853930247248
1|1|"2016-06-04 23:30:00"|22,687887147689818
1|1|"2016-06-05 00:00:00"|22,866265153512163
1|1|"2016-06-05 00:30:00"|22,76013166478503
1|1|"2016-06-05 01:00:00"|22,421619278491153
1|1|"2016-06-05 01:30:00"|22,4690936094212
1|1|"2016-06-05 02:00:00"|22,919511560465885
1|1|"2016-06-05 02:30:00"|22,785415329934523
1|1|"2016-06-05 03:00:00"|22,280645081494917
1|1|"2016-06-05 03:30:00"|23,23277931149237
1|1|"2016-06-05 04:00:00"|22,906704399744804
1|1|"2016-06-05 04:30:00"|23,217896909050523
1|1|"2016-06-05 05:00:00"|22,493751523705228
1|1|"2016-06-05 05:30:00"|23,632985152380947
1|1|"2016-06-05 06:00:00"|22,491910634135046
1|1|"2016-06-05 06:30:00"|22,27321935114555
1|1|"2016-06-05 07:00:00"|23,293160457574967
1|1|"2016-06-05 07:30:00"|22,787214054054836
1|1|"2016-06-05 08:00:00"|22,481918186828906
1|1|"2016-06-05 08:30:00"|23,28838152546003
1|1|"2016-06-05 09:00:00"|22,900562803005982
1|1|"2016-06-05 09:30:00"|23,121231593029286
1|1|"2016-06-05 10:00:00"|23,199463182571225
1|1|"2016-06-05 10:30:00"|23,277135983581932
1|1|"2016-06-05 11:00:00"|23,18398260370822
1|1|"2016-06-05 11:30:00"|24,048480890460034
1|1|"2016-06-05 12:00:00"|23,073254911257003
1|1|"2016-06-05 12:30:00"|23,281544293174896
1|1|"2016-06-05 13:00:00"|23,27253880922914
1|1|"2016-06-05 13:30:00"|24,092316268574336
1|1|"2016-06-05 14:00:00"|23,667379411712783
1|1|"2016-06-05 14:30:00"|23,852889546568388
1|1|"2016-06-05 15:00:00"|23,455601618848934
1|1|"2016-06-05 15:30:00"|23,89842061903217
1|1|"2016-06-05 16:00:00"|23,472225227098637
1|1|"2016-06-05 16:30:00"|23,895471473022525
1|1|"2016-06-05 17:00:00"|24,58054088013975
1|1|"2016-06-05 17:30:00"|23,51587826446677
1|1|"2016-06-05 18:00:00"|23,758114721892042
1|1|"2016-06-05 18:30:00"|24,568145313943127
1|1|"2016-06-05 19:00:00"|23,999385230121373
1|1|"2016-06-05 19:30:00"|24,004892063054985
1|1|"2016-06-05 20:00:00"|23,34186061049268
1|1|"2016-06-05 20:30:00"|24,27731526559554
1|1|"2016-06-05 21:00:00"|24,471645531990266
1|1|"2016-06-05 21:30:00"|24,67109035151302
1|1|"2016-06-05 22:00:00"|24,527160552386512
1|1|"2016-06-05 22:30:00"|24,079083835386065
1|1|"2016-06-05 23:00:00"|24,192382314382623
1|1|"2016-06-05 23:30:00"|24,612277936799778
1|1|"2016-06-06 00:00:00"|24,164163624859224
1|1|"2016-06-06 00:30:00"|24,7950639621724
1|1|"2016-06-06 01:00:00"|25,12500736641102
1|1|"2016-06-06 01:30:00"|24,734292728333294
1|1|"2016-06-06 02:00:00"|24,204170737164038
1|1|"2016-06-06 02:30:00"|24,215396081779396
1|1|"2016-06-06 03:00:00"|24,014756931490552
1|1|"2016-06-06 03:30:00"|25,38725515030105
1|1|"2016-06-06 04:00:00"|24,67611028774737
1|1|"2016-06-06 04:30:00"|24,849796975002917
1|1|"2016-06-06 05:00:00"|24,837100251237935
1|1|"2016-06-06 05:30:00"|24,955753394569747
1|1|"2016-06-06 06:00:00"|24,68989517801736
1|1|"2016-06-06 06:30:00"|25,659708000207843
1|1|"2016-06-06 07:00:00"|25,756055657062824
1|1|"2016-06-06 07:30:00"|24,660173510180158
1|1|"2016-06-06 08:00:00"|25,40447989887856
1|1|"2016-06-06 08:30:00"|24,67158106224699
1|1|"2016-06-06 09:00:00"|25,01961383529109
1|1|"2016-06-06 09:30:00"|25,004640329311012
1|1|"2016-06-06 10:00:00"|25,1141960268442
1|1|"2016-06-06 10:30:00"|24,574086221842588
1|1|"2016-06-06 11:00:00"|26,025579970906023
1|1|"2016-06-06 11:30:00"|25,64797817008623
1|1|"2016-06-06 12:00:00"|24,78895947233587
1|1|"2016-06-06 12:30:00"|25,613020205714967
1|1|"2016-06-06 13:00:00"|26,12069038898803
1|1|"2016-06-06 13:30:00"|25,502222226317123
1|1|"2016-06-06 14:00:00"|25,27432271653621
1|1|"2016-06-06 14:30:00"|25,858893829820147
1|1|"2016-06-06 15:00:00"|25,800562683380207
1|1|"2016-06-06 15:30:00"|25,417316152381357
1|1|"2016-06-06 16:00:00"|24,88060894922886
1|1|"2016-06-06 16:30:00"|26,138183865421986
1|1|"2016-06-06 17:00:00"|25,021233200754505
1|1|"2016-06-06 17:30:00"|26,297509595500095
1|1|"2016-06-06 18:00:00"|25,88920852270102
1|1|"2016-06-06 18:30:00"|25,911423180787505
1|1|"2016-06-06 19:00:00"|25,37889387993216
1|1|"2016-06-06 19:30:00"|25,61392197203704
1|1|"2016-06-06 20:00:00"|25,96931860312501
1|1|"2016-06-06 20:30:00"|26,65848809257763
1|1|"2016-06-06 21:00:00"|25,479407397519047
1|1|"2016-06-06 21:30:00"|26,20834786394358
1|1|"2016-06-06 22:00:00"|26,25062012654029
1|1|"2016-06-06 22:30:00"|25,691130398031106
1|1|"2016-06-06 23:00:00"|26,095049216424524
1|1|"2016-06-06 23:30:00"|26,323418838031095
1|1|"2016-06-07 00:00:00"|26,828247727646236
1|1|"2016-06-07 00:30:00"|26,26820336330554
1|1|"2016-06-07 01:00:00"|26,095642044367207
1|1|"2016-06-07 01:30:00"|27,263237953357297
1|1|"2016-06-07 02:00:00"|27,180868586378313
1|1|"2016-06-07 02:30:00"|26,892062030490877
1|1|"2016-06-07 03:00:00"|27,195431710588206
1|1|"2016-06-07 03:30:00"|26,159565155606167
1|1|"2016-06-07 04:00:00"|26,35155738483845
1|1|"2016-06-07 04:30:00"|26,536823166399905
1|1|"2016-06-07 05:00:00"|26,649479041849396
1|1|"2016-06-07 05:30:00"|26,827719060992898
1|1|"2016-06-07 06:00:00"|26,706700626912074
1|1|"2016-06-07 06:30:00"|26,26775381758503
1|1|"2016-06-07 07:00:00"|27,436549796799277
1|1|"2016-06-07 07:30:00"|26,153270293733307
1|1|"2016-06-07 08:00:00"|26,416453513241283
1|1|"2016-06-07 08:30:00"|26,901856876563805
1|1|"2016-06-07 09:00:00"|27,18366793528177
1|1|"2016-06-07 09:30:00"|26,95315032544837
1|1|"2016-06-07 10:00:00"|26,766526629560712
1|1|"2016-06-07 10:30:00"|26,640003265826216
1|1|"2016-06-07 11:00:00"|27,01248306491031
1|1|"2016-06-07 11:30:00"|27,000627322022126
1|1|"2016-06-07 12:00:00"|27,836088820282146
1|1|"2016-06-07 12:30:00"|26,81022810437338
1|1|"2016-06-07 13:00:00"|26,822104810188364
1|1|"2016-06-07 13:30:00"|27,09676955286962
1|1|"2016-06-07 14:00:00"|27,29171916510745
1|1|"2016-06-07 14:30:00"|27,179663070708795
1|1|"2016-06-07 15:00:00"|27,24451104099656
1|1|"2016-06-07 15:30:00"|27,457120973369776
1|1|"2016-06-07 16:00:00"|27,3444931883761
1|1|"2016-06-07 16:30:00"|28,3090604883997
1|1|"2016-06-07 17:00:00"|27,50887937866552
1|1|"2016-06-07 17:30:00"|26,640931798760068
1|1|"2016-06-07 18:00:00"|27,288488754873025
1|1|"2016-06-07 18:30:00"|27,451546266711592
1|1|"2016-06-07 19:00:00"|28,102803600317372
1|1|"2016-06-07 19:30:00"|27,898386690839537
1|1|"2016-06-07 20:00:00"|27,188882162397448
1|1|"2016-06-07 20:30:00"|27,791167839876255
1|1|"2016-06-07 21:00:00"|27,750474582853677
1|1|"2016-06-07 21:30:00"|27,51696360789664
1|1|"2016-06-07 22:00:00"|27,676396224241767
1|1|"2016-06-07 22:30:00"|28,29933618127351
1|1|"2016-06-07 23:00:00"|27,86432081662506
1|1|"2016-06-07 23:30:00"|27,840005166318047
1|1|"2016-06-08 00:00:00"|28,214001862399147
1|1|"2016-06-08 00:30:00"|28,269469986746078
1|1|"2016-06-08 01:00:00"|28,236083069560113
1|1|"2016-06-08 01:30:00"|28,759970491404566
1|1|"2016-06-08 02:00:00"|28,75287596595897
1|1|"2016-06-08 02:30:00"|27,67712699072708
1|1|"2016-06-08 03:00:00"|28,23488493217111
1|1|"2016-06-08 03:30:00"|29,113770821098093
1|1|"2016-06-08 04:00:00"|27,725851713825268
1|1|"2016-06-08 04:30:00"|28,433305827704515
1|1|"2016-06-08 05:00:00"|27,717311201554605
1|1|"2016-06-08 05:30:00"|28,847095760454817
1|1|"2016-06-08 06:00:00"|28,243248185975496
1|1|"2016-06-08 06:30:00"|28,495339180010042
1|1|"2016-06-08 07:00:00"|28,141196915077227
1|1|"2016-06-08 07:30:00"|27,766374261726533
1|1|"2016-06-08 08:00:00"|28,384648024764466
1|1|"2016-06-08 08:30:00"|29,631126838257945
1|1|"2016-06-08 09:00:00"|29,427059398537818
1|1|"2016-06-08 09:30:00"|28,8107766444897
1|1|"2016-06-08 10:00:00"|28,60190166244118
1|1|"2016-06-08 10:30:00"|29,278947214195096
1|1|"2016-06-08 11:00:00"|29,076975485807658
1|1|"2016-06-08 11:30:00"|29,03620876745574
1|1|"2016-06-08 12:00:00"|29,802348529512397
1|1|"2016-06-08 12:30:00"|29,068337760698693
1|1|"2016-06-08 13:00:00"|30,15349129635855
1|1|"2016-06-08 13:30:00"|28,980205993897236
1|1|"2016-06-08 14:00:00"|29,589360492663662
1|1|"2016-06-08 14:30:00"|28,44921742117618
1|1|"2016-06-08 15:00:00"|28,9099046658649
1|1|"2016-06-08 15:30:00"|29,878430417310103
1|1|"2016-06-08 16:00:00"|29,336039984555065
1|1|"2016-06-08 16:30:00"|29,303209230771774
1|1|"2016-06-08 17:00:00"|29,939837281533574
1|1|"2016-06-08 17:30:00"|29,750789500381405
1|1|"2016-06-08 18:00:00"|28,817095020387693
1|1|"2016-06-08 18:30:00"|29,035941495415905
1|1|"2016-06-08 19:00:00"|29,090477155484827
1|1|"2016-06-08 19:30:00"|29,245259033683304
1|1|"2016-06-08 20:00:00"|29,840569944823546
1|1|"2016-06-08 20:30:00"|30,050528979676056
1|1|"2016-06-08 21:00:00"|29,56742890645475
1|1|"2016-06-08 21:30:00"|29,466057182058513
1|1|"2016-06-08 22:00:00"|30,49328508420088
1|1|"2016-06-08 22:30:00"|29,903118767501148
1|1|"2016-06-08 23:00:00"|29,18966100170825
1|1|"2016-06-08 23:30:00"|29,90105282993556
1|1|"2016-06-09 00:00:00"|29,83246961501805
1|1|"2016-06-09 00:30:00"|29,036973102589325
1|1|"2016-06-09 01:00:00"|29,585826040891142
1|1|"2016-06-09 01:30:00"|30,399917474381816
1|1|"2016-06-09 02:00:00"|30,124431999918055
1|1|"2016-06-09 02:30:00"|31,06172168646391
1|1|"2016-06-09 03:00:00"|30,52964669446127
1|1|"2016-06-09 03:30:00"|30,6697338897017
1|1|"2016-06-09 04:00:00"|29,950617410982083
1|1|"2016-06-09 04:30:00"|29,881195145969805
1|1|"2016-06-09 05:00:00"|30,416078667899
1|1|"2016-06-09 05:30:00"|30,78013521233666
1|1|"2016-06-09 06:00:00"|31,246605361450076
1|1|"2016-06-09 06:30:00"|31,186672350391387
1|1|"2016-06-09 07:00:00"|29,891512989174306
1|1|"2016-06-09 07:30:00"|30,29471726970786
1|1|"2016-06-09 08:00:00"|30,42253387935321
1|1|"2016-06-09 08:30:00"|29,886819849001323
1|1|"2016-06-09 09:00:00"|30,458563379010695
1|1|"2016-06-09 09:30:00"|31,14975133075334
1|1|"2016-06-09 10:00:00"|30,814593028002935
1|1|"2016-06-09 10:30:00"|30,960110217992803
1|1|"2016-06-09 11:00:00"|31,26162957701316
1|1|"2016-06-09 11:30:00"|30,849168275920153
1|1|"2016-06-09 12:00:00"|31,22953819400765
1|1|"2016-06-09 12:30:00"|29,973595690025167
1|1|"2016-06-09 13:00:00"|30,511708990302168
1|1|"2016-06-09 13:30:00"|29,963381584625843
1|1|"2016-06-09 14:00:00"|30,374807928526565
1|1|"2016-06-09 14:30:00"|30,607756742360362
1|1|"2016-06-09 15:00:00"|31,27628441779421
1|1|"2016-06-09 15:30:00"|31,229749739678244
1|1|"2016-06-09 16:00:00"|30,748502776596915
1|1|"2016-06-09 16:30:00"|30,783297705073675
1|1|"2016-06-09 17:00:00"|30,623110420072415
1|1|"2016-06-09 17:30:00"|31,87674856421314
1|1|"2016-06-09 18:00:00"|31,30488967152845
1|1|"2016-06-09 18:30:00"|31,187353800048356
1|1|"2016-06-09 19:00:00"|31,60003712428164
1|1|"2016-06-09 19:30:00"|32,3237990164604
1|1|"2016-06-09 20:00:00"|30,764466139960682
1|1|"2016-06-09 20:30:00"|31,448418466016307
1|1|"2016-06-09 21:00:00"|31,592327014803146
1|1|"2016-06-09 21:30:00"|30,92493814491936
1|1|"2016-06-09 22:00:00"|31,461835218653828
1|1|"2016-06-09 22:30:00"|31,93035898469346
1|1|"2016-06-09 23:00:00"|30,8246265547517
1|1|"2016-06-09 23:30:00"|31,10006752243507
1|1|"2016-06-10 00:00:00"|32,53452997513767
1|1|"2016-06-10 00:30:00"|32,411137244889495
1|1|"2016-06-10 01:00:00"|31,747676336237568
1|1|"2016-06-10 01:30:00"|32,50800359518181
1|1|"2016-06-10 02:00:00"|32,150755093203436
1|1|"2016-06-10 02:30:00"|31,634487262423306
1|1|"2016-06-10 03:00:00"|31,819133656950925
1|1|"2016-06-10 03:30:00"|31,652398764604737
1|1|"2016-06-10 04:00:00"|31,47483087400148
1|1|"2016-06-10 04:30:00"|31,413550935639712
1|1|"2016-06-10 05:00:00"|31,647480430133534
1|1|"2016-06-10 05:30:00"|32,36515579269047
1|1|"2016-06-10 06:00:00"|32,40040034165499
1|1|"2016-06-10 06:30:00"|32,10511221212809
1|1|"2016-06-10 07:00:00"|31,65589332897875
1|1|"2016-06-10 07:30:00"|32,58116604595498
1|1|"2016-06-10 08:00:00"|32,553352779953755
1|1|"2016-06-10 08:30:00"|32,104942428443316
1|1|"2016-06-10 09:00:00"|33,223892214549316
1|1|"2016-06-10 09:30:00"|32,01284740826876
1|1|"2016-06-10 10:00:00"|32,667766065532945
1|1|"2016-06-10 10:30:00"|32,3814464742338
1|1|"2016-06-10 11:00:00"|32,967332172669614
1|1|"2016-06-10 11:30:00"|32,22725074395938
1|1|"2016-06-10 12:00:00"|32,87334029940202
1|1|"2016-06-10 12:30:00"|32,321578785218456
1|1|"2016-06-10 13:00:00"|32,31476165647222
1|1|"2016-06-10 13:30:00"|32,84409087042352
1|1|"2016-06-10 14:00:00"|33,78804191662178
1|1|"2016-06-10 14:30:00"|33,73133954603461
1|1|"2016-06-10 15:00:00"|32,362716114152505
1|1|"2016-06-10 15:30:00"|32,962177013370265
1|1|"2016-06-10 16:00:00"|33,35983896011636
1|1|"2016-06-10 16:30:00"|33,30316189542776
1|1|"2016-06-10 17:00:00"|31,662063940498065
1|1|"2016-06-10 17:30:00"|33,119300158024956
1|1|"2016-06-10 18:00:00"|32,3057324261484
1|1|"2016-06-10 18:30:00"|33,40155592558049
1|1|"2016-06-10 19:00:00"|33,72828454822424
1|1|"2016-06-10 19:30:00"|33,25356483749522
1|1|"2016-06-10 20:00:00"|33,17252891567919
1|1|"2016-06-10 20:30:00"|33,28563854923332
1|1|"2016-06-10 21:00:00"|33,383490718044904
1|1|"2016-06-10 21:30:00"|34,079849655373025
1|1|"2016-06-10 22:00:00"|33,513349766696116
1|1|"2016-06-10 22:30:00"|33,02733754075903
1|1|"2016-06-10 23:00:00"|33,087064817238165
1|1|"2016-06-10 23:30:00"|33,498044307749545
1|1|"2016-06-11 00:00:00"|33,250538345991814
1|1|"2016-06-11 00:30:00"|33,812721661614
1|1|"2016-06-11 01:00:00"|33,144074642013734
1|1|"2016-06-11 01:30:00"|34,165829417336035
1|1|"2016-06-11 02:00:00"|33,53105537239242
1|1|"2016-06-11 02:30:00"|33,85587025446336
1|1|"2016-06-11 03:00:00"|33,65719831625262
1|1|"2016-06-11 03:30:00"|33,98198685852806
1|1|"2016-06-11 04:00:00"|33,6776913407651
1|1|"2016-06-11 04:30:00"|34,612426253281406
1|1|"2016-06-11 05:00:00"|33,60392227367544
1|1|"2016-06-11 05:30:00"|33,276152121998656
1|1|"2016-06-11 06:00:00"|33,670318998915924
1|1|"2016-06-11 06:30:00"|35,183833442350995
1|1|"2016-06-11 07:00:00"|34,29162920171897
1|1|"2016-06-11 07:30:00"|34,33261514153317
1|1|"2016-06-11 08:00:00"|34,660875715631946
1|1|"2016-06-11 08:30:00"|34,632093537896274
1|1|"2016-06-11 09:00:00"|34,81378708909142
1|1|"2016-06-11 09:30:00"|33,71324995634285
1|1|"2016-06-11 10:00:00"|34,122399449640014
1|1|"2016-06-11 10:30:00"|34,71904645497844
1|1|"2016-06-11 11:00:00"|34,320336270503574
1|1|"2016-06-11 11:30:00"|33,735083642257166
1|1|"2016-06-11 12:00:00"|34,962638006834126
1|1|"2016-06-11 12:30:00"|34,1081050565502
1|1|"2016-06-11 13:00:00"|34,86064418459948
1|1|"2016-06-11 13:30:00"|35,14909998529136
1|1|"2016-06-11 14:00:00"|35,28242983089515
1|1|"2016-06-11 14:30:00"|35,36669245068164
1|1|"2016-06-11 15:00:00"|34,57018272017221
1|1|"2016-06-11 15:30:00"|34,01603573557255
1|1|"2016-06-11 16:00:00"|34,61629928268272
1|1|"2016-06-11 16:30:00"|34,91690296432631
1|1|"2016-06-11 17:00:00"|34,21818255685748
1|1|"2016-06-11 17:30:00"|34,58150105157446
1|1|"2016-06-11 18:00:00"|35,78752549906071
1|1|"2016-06-11 18:30:00"|34,519051539822996
1|1|"2016-06-11 19:00:00"|34,70223153679576
1|1|"2016-06-11 19:30:00"|35,78121629481901
1|1|"2016-06-11 20:00:00"|34,61715905517134
1|1|"2016-06-11 20:30:00"|34,89701575066816
1|1|"2016-06-11 21:00:00"|35,24249251614572
1|1|"2016-06-11 21:30:00"|35,54040616979
1|1|"2016-06-11 22:00:00"|35,4470896428424
1|1|"2016-06-11 22:30:00"|34,64467448316704
1|1|"2016-06-11 23:00:00"|34,99098109267935
1|1|"2016-06-11 23:30:00"|34,27420932280587
1|1|"2016-06-12 00:00:00"|35,317213627691615
1|1|"2016-06-12 00:30:00"|35,639190959498386
1|1|"2016-06-12 01:00:00"|35,98367881612361
1|1|"2016-06-12 01:30:00"|34,23849019661176
1|1|"2016-06-12 02:00:00"|35,51617515277626
1|1|"2016-06-12 02:30:00"|35,32884179721887
1|1|"2016-06-12 03:00:00"|36,05184927692503
1|1|"2016-06-12 03:30:00"|36,66858892911689
1|1|"2016-06-12 04:00:00"|36,156369592403685
1|1|"2016-06-12 04:30:00"|36,2747933926871
1|1|"2016-06-12 05:00:00"|36,12341225063501
1|1|"2016-06-12 05:30:00"|35,42468264851947
1|1|"2016-06-12 06:00:00"|35,86517621639747
1|1|"2016-06-12 06:30:00"|36,027052649653314
1|1|"2016-06-12 07:00:00"|35,792814771712386
1|1|"2016-06-12 07:30:00"|36,65928422570637
1|1|"2016-06-12 08:00:00"|35,87657875685103
1|1|"2016-06-12 08:30:00"|35,46061342989491
1|1|"2016-06-12 09:00:00"|37,0206951906189
1|1|"2016-06-12 09:30:00"|36,68818568633138
1|1|"2016-06-12 10:00:00"|35,42842021005718
1|1|"2016-06-12 10:30:00"|36,030391569846586
1|1|"2016-06-12 11:00:00"|35,726233615100774
1|1|"2016-06-12 11:30:00"|36,801739900807874
1|1|"2016-06-12 12:00:00"|36,02487581624757
1|1|"2016-06-12 12:30:00"|35,47556508977703
1|1|"2016-06-12 13:00:00"|36,20181762743628
1|1|"2016-06-12 13:30:00"|36,77634378254533
1|1|"2016-06-12 14:00:00"|36,22573425328706
1|1|"2016-06-12 14:30:00"|36,39040735465632
1|1|"2016-06-12 15:00:00"|37,78173993149755
1|1|"2016-06-12 15:30:00"|36,056021002439344
1|1|"2016-06-12 16:00:00"|37,08702255580912
1|1|"2016-06-12 16:30:00"|36,853689235825
1|1|"2016-06-12 17:00:00"|37,497937956094994
1|1|"2016-06-12 17:30:00"|35,991483056317804
1|1|"2016-06-12 18:00:00"|36,806252670888895
1|1|"2016-06-12 18:30:00"|37,57799599086359
1|1|"2016-06-12 19:00:00"|36,365984122215636
1|1|"2016-06-12 19:30:00"|35,6310671524576
1|1|"2016-06-12 20:00:00"|36,68451406777986
1|1|"2016-06-12 20:30:00"|36,502017828574964
1|1|"2016-06-12 21:00:00"|37,08752660220114
1|1|"2016-06-12 21:30:00"|37,6287689172868
1|1|"2016-06-12 22:00:00"|36,39316821958484
1|1|"2016-06-12 22:30:00"|37,02956856558069
1|1|"2016-06-12 23:00:00"|37,315975748874
1|1|"2016-06-12 23:30:00"|38,09891627959266
1|1|"2016-06-13 00:00:00"|36,58472373826762
1|1|"2016-06-13 00:30:00"|38,37386938236865
1|1|"2016-06-13 01:00:00"|37,54038295193165
1|1|"2016-06-13 01:30:00"|37,71148247040274
1|1|"2016-06-13 02:00:00"|38,11843400967341
1|1|"2016-06-13 02:30:00"|37,721123921950976
1|1|"2016-06-13 03:00:00"|37,55974237158173
1|1|"2016-06-13 03:30:00"|38,35680681787508
1|1|"2016-06-13 04:00:00"|37,568873535423656
1|1|"2016-06-13 04:30:00"|37,70721225382287
1|1|"2016-06-13 05:00:00"|37,70826050138458
1|1|"2016-06-13 05:30:00"|36,67992499057094
1|1|"2016-06-13 06:00:00"|38,54897235802372
1|1|"2016-06-13 06:30:00"|37,60971623924138
1|1|"2016-06-13 07:00:00"|37,99415438997169
1|1|"2016-06-13 07:30:00"|38,40322079654131
1|1|"2016-06-13 08:00:00"|38,19226718476945
1|1|"2016-06-13 08:30:00"|37,44944405582245
1|1|"2016-06-13 09:00:00"|38,22586687003894
1|1|"2016-06-13 09:30:00"|38,21649031648419
1|1|"2016-06-13 10:00:00"|38,42775590117874
1|1|"2016-06-13 10:30:00"|37,36516418811033
1|1|"2016-06-13 11:00:00"|37,214213748497556
1|1|"2016-06-13 11:30:00"|38,72714885754361
1|1|"2016-06-13 12:00:00"|38,12570110579535
1|1|"2016-06-13 12:30:00"|38,32882740585072
1|1|"2016-06-13 13:00:00"|38,675482549744984
1|1|"2016-06-13 13:30:00"|38,7140900045913
1|1|"2016-06-13 14:00:00"|38,153440651821604
1|1|"2016-06-13 14:30:00"|38,53436175428202
1|1|"2016-06-13 15:00:00"|37,83409807720747
1|1|"2016-06-13 15:30:00"|37,95951202630876
1|1|"2016-06-13 16:00:00"|38,662779695324105
1|1|"2016-06-13 16:30:00"|38,716443928043915
1|1|"2016-06-13 17:00:00"|39,019244793853005
1|1|"2016-06-13 17:30:00"|39,20762247365645
1|1|"2016-06-13 18:00:00"|37,742399560654505
1|1|"2016-06-13 18:30:00"|38,52511847127785
1|1|"2016-06-13 19:00:00"|38,6885729143572
1|1|"2016-06-13 19:30:00"|38,70230375427794
1|1|"2016-06-13 20:00:00"|39,732758889863945
1|1|"2016-06-13 20:30:00"|40,11318877419003
1|1|"2016-06-13 21:00:00"|39,16060639426111
1|1|"2016-06-13 21:30:00"|38,547068463643754
1|1|"2016-06-13 22:00:00"|40,16600282169046
1|1|"2016-06-13 22:30:00"|39,64243398038207
1|1|"2016-06-13 23:00:00"|38,889625667938525
1|1|"2016-06-13 23:30:00"|39,56999983988079
1|1|"2016-06-14 00:00:00"|39,095326248608714
1|1|"2016-06-14 00:30:00"|38,705622894264756
1|1|"2016-06-14 01:00:00"|38,97631727012036
1|1|"2016-06-14 01:30:00"|40,2127869190892
1|1|"2016-06-14 02:00:00"|40,83127922353153
1|1|"2016-06-14 02:30:00"|39,75538900430267
1|1|"2016-06-14 03:00:00"|39,655733956588655
1|1|"2016-06-14 03:30:00"|40,35672736352292
1|1|"2016-06-14 04:00:00"|39,71395460612097
1|1|"2016-06-14 04:30:00"|40,269766072092764
1|1|"2016-06-14 05:00:00"|38,31060939763821
1|1|"2016-06-14 05:30:00"|39,332130336583376
1|1|"2016-06-14 06:00:00"|38,56289867180717
1|1|"2016-06-14 06:30:00"|40,98236340068949
1|1|"2016-06-14 07:00:00"|39,8737620124267
1|1|"2016-06-14 07:30:00"|39,25087595107175
1|1|"2016-06-14 08:00:00"|39,028438053608284
1|1|"2016-06-14 08:30:00"|40,53118275381674
1|1|"2016-06-14 09:00:00"|41,279689120413074
1|1|"2016-06-14 09:30:00"|40,56205468833174
1|1|"2016-06-14 10:00:00"|39,91021875697212
1|1|"2016-06-14 10:30:00"|39,953164566828825
1|1|"2016-06-14 11:00:00"|41,26010000236094
1|1|"2016-06-14 11:30:00"|40,180412610367554
1|1|"2016-06-14 12:00:00"|39,61631362931762
1|1|"2016-06-14 12:30:00"|41,09856338985895
1|1|"2016-06-14 13:00:00"|39,634236962112546
1|1|"2016-06-14 13:30:00"|40,14962731115541
1|1|"2016-06-14 14:00:00"|41,0642735526202
1|1|"2016-06-14 14:30:00"|40,299428038466274
1|1|"2016-06-14 15:00:00"|40,307630721179024
1|1|"2016-06-14 15:30:00"|40,486104553910806
1|1|"2016-06-14 16:00:00"|40,55902352586314
1|1|"2016-06-14 16:30:00"|40,475593617077465
1|1|"2016-06-14 17:00:00"|40,71691498389724
1|1|"2016-06-14 17:30:00"|39,579016041770046
1|1|"2016-06-14 18:00:00"|41,11729461539797
1|1|"2016-06-14 18:30:00"|40,93774133566974
1|1|"2016-06-14 19:00:00"|40,42733333727783
1|1|"2016-06-14 19:30:00"|39,68000669275599
1|1|"2016-06-14 20:00:00"|40,9882965991913
1|1|"2016-06-14 20:30:00"|41,788578583880174
1|1|"2016-06-14 21:00:00"|40,53042806661305
1|1|"2016-06-14 21:30:00"|41,24971329855451
1|1|"2016-06-14 22:00:00"|41,31699576607882
1|1|"2016-06-14 22:30:00"|39,98388171161358
1|1|"2016-06-14 23:00:00"|41,77205062866494
1|1|"2016-06-14 23:30:00"|41,2891019583504
1|1|"2016-06-15 00:00:00"|41,18195818614153
1|1|"2016-06-15 00:30:00"|40,625418626445565
1|1|"2016-06-15 01:00:00"|41,76586291459499
1|1|"2016-06-15 01:30:00"|42,02591787090842
1|1|"2016-06-15 02:00:00"|40,616265409157066
1|1|"2016-06-15 02:30:00"|41,48949510018069
1|1|"2016-06-15 03:00:00"|40,86396976562088
1|1|"2016-06-15 03:30:00"|41,79302859058301
1|1|"2016-06-15 04:00:00"|40,78049859427473
1|1|"2016-06-15 04:30:00"|42,71457337858395
1|1|"2016-06-15 05:00:00"|41,82804711157661
1|1|"2016-06-15 05:30:00"|42,38378141011807
1|1|"2016-06-15 06:00:00"|42,06942963088335
1|1|"2016-06-15 06:30:00"|41,46728283825281
1|1|"2016-06-15 07:00:00"|41,78199399917992
1|1|"2016-06-15 07:30:00"|41,39314797454867
1|1|"2016-06-15 08:00:00"|42,131881661318324
1|1|"2016-06-15 08:30:00"|42,74331930146184
1|1|"2016-06-15 09:00:00"|41,46052353571902
1|1|"2016-06-15 09:30:00"|41,94423233324913
1|1|"2016-06-15 10:00:00"|41,260603533315184
1|1|"2016-06-15 10:30:00"|41,565527242520076
1|1|"2016-06-15 11:00:00"|41,81285183143582
1|1|"2016-06-15 11:30:00"|41,15833446771908
1|1|"2016-06-15 12:00:00"|42,52321038174011
1|1|"2016-06-15 12:30:00"|41,40325985195007
1|1|"2016-06-15 13:00:00"|41,31645273352383
1|1|"2016-06-15 13:30:00"|42,497673799361124
1|1|"2016-06-15 14:00:00"|43,249387614308304
1|1|"2016-06-15 14:30:00"|41,90238307720609
1|1|"2016-06-15 15:00:00"|42,72278339159508
1|1|"2016-06-15 15:30:00"|41,85705502102862
1|1|"2016-06-15 16:00:00"|42,830201135556
1|1|"2016-06-15 16:30:00"|42,52803004476847
1|1|"2016-06-15 17:00:00"|41,05974805439422
1|1|"2016-06-15 17:30:00"|42,699863196069586
1|1|"2016-06-15 18:00:00"|44,10336166879397
1|1|"2016-06-15 18:30:00"|41,59632100849303
1|1|"2016-06-15 19:00:00"|42,552995881032395
1|1|"2016-06-15 19:30:00"|42,052953321870476
1|1|"2016-06-15 20:00:00"|43,81176718092507
1|1|"2016-06-15 20:30:00"|43,13970302919748
1|1|"2016-06-15 21:00:00"|43,18872050811463
1|1|"2016-06-15 21:30:00"|42,57577265851975
1|1|"2016-06-15 22:00:00"|42,72872777540549
1|1|"2016-06-15 22:30:00"|43,04161990330848
1|1|"2016-06-15 23:00:00"|41,51454637084928
1|1|"2016-06-15 23:30:00"|41,87000008536832
1|1|"2016-06-16 00:00:00"|42,89678529547251
1|1|"2016-06-16 00:30:00"|43,34860410553946
1|1|"2016-06-16 01:00:00"|43,10054579355076
1|1|"2016-06-16 01:30:00"|43,06760655018454
1|1|"2016-06-16 02:00:00"|42,91008730051145
1|1|"2016-06-16 02:30:00"|41,890984626964425
1|1|"2016-06-16 03:00:00"|43,09735459249538
1|1|"2016-06-16 03:30:00"|42,57433481673102
1|1|"2016-06-16 04:00:00"|43,532629078711636
1|1|"2016-06-16 04:30:00"|43,0713836803113
1|1|"2016-06-16 05:00:00"|43,55789853010194
1|1|"2016-06-16 05:30:00"|43,6595998888809
1|1|"2016-06-16 06:00:00"|43,07836411704286
1|1|"2016-06-16 06:30:00"|42,64093550116193
1|1|"2016-06-16 07:00:00"|42,66916745848114
1|1|"2016-06-16 07:30:00"|43,100547448450016
1|1|"2016-06-16 08:00:00"|43,19085738383215
1|1|"2016-06-16 08:30:00"|43,69676366008968
1|1|"2016-06-16 09:00:00"|43,70210437373047
1|1|"2016-06-16 09:30:00"|42,76392248241417
1|1|"2016-06-16 10:00:00"|43,97190844257498
1|1|"2016-06-16 10:30:00"|44,56981575589158
1|1|"2016-06-16 11:00:00"|43,70970691924564
1|1|"2016-06-16 11:30:00"|43,83152768805722
1|1|"2016-06-16 12:00:00"|44,45909111688748
1|1|"2016-06-16 12:30:00"|42,21342827586379
1|1|"2016-06-16 13:00:00"|43,8911865835358
1|1|"2016-06-16 13:30:00"|43,74802974077046
1|1|"2016-06-16 14:00:00"|44,84258388087873
1|1|"2016-06-16 14:30:00"|43,97804843696747
1|1|"2016-06-16 15:00:00"|43,59445684356196
1|1|"2016-06-16 15:30:00"|43,41628556087212
1|1|"2016-06-16 16:00:00"|44,47469006150055
1|1|"2016-06-16 16:30:00"|44,34690234771362
1|1|"2016-06-16 17:00:00"|44,1255915287021
1|1|"2016-06-16 17:30:00"|42,92364219373268
1|1|"2016-06-16 18:00:00"|43,424221646650935
1|1|"2016-06-16 18:30:00"|45,25786047686775
1|1|"2016-06-16 19:00:00"|44,797484027848895
1|1|"2016-06-16 19:30:00"|43,859174249008205
1|1|"2016-06-16 20:00:00"|44,296068672614545
1|1|"2016-06-16 20:30:00"|44,30924196309653
1|1|"2016-06-16 21:00:00"|43,76222168295776
1|1|"2016-06-16 21:30:00"|44,03957429318727
1|1|"2016-06-16 22:00:00"|45,01460924051202
1|1|"2016-06-16 22:30:00"|43,103801156915864
1|1|"2016-06-16 23:00:00"|45,3127942684806
1|1|"2016-06-16 23:30:00"|43,914607134324385
1|1|"2016-06-17 00:00:00"|43,56352224062255
1|1|"2016-06-17 00:30:00"|44,131912350836956
1|1|"2016-06-17 01:00:00"|43,86595842738126
1|1|"2016-06-17 01:30:00"|45,40261246002956
1|1|"2016-06-17 02:00:00"|43,2422204291063
1|1|"2016-06-17 02:30:00"|44,21573369778889
1|1|"2016-06-17 03:00:00"|45,4272562743668
1|1|"2016-06-17 03:30:00"|44,756130117531605
1|1|"2016-06-17 04:00:00"|45,21010766539198
1|1|"2016-06-17 04:30:00"|45,35141466020346
1|1|"2016-06-17 05:00:00"|44,483090884727055
1|1|"2016-06-17 05:30:00"|44,54654227973205
1|1|"2016-06-17 06:00:00"|44,532681310374855
1|1|"2016-06-17 06:30:00"|45,74801407813167
1|1|"2016-06-17 07:00:00"|45,4770718029649
1|1|"2016-06-17 07:30:00"|45,57073426423152
1|1|"2016-06-17 08:00:00"|45,61967355090845
1|1|"2016-06-17 08:30:00"|45,68002985782486
1|1|"2016-06-17 09:00:00"|45,8232550135736
1|1|"2016-06-17 09:30:00"|44,74793537108425
1|1|"2016-06-17 10:00:00"|44,14465300850945
1|1|"2016-06-17 10:30:00"|46,014177779119706
1|1|"2016-06-17 11:00:00"|44,715949695735404
1|1|"2016-06-17 11:30:00"|46,16324060870433
1|1|"2016-06-17 12:00:00"|45,64000430606778
1|1|"2016-06-17 12:30:00"|46,25380747674152
1|1|"2016-06-17 13:00:00"|45,436157012250945
1|1|"2016-06-17 13:30:00"|46,03133893167647
1|1|"2016-06-17 14:00:00"|46,14533018099817
1|1|"2016-06-17 14:30:00"|45,59748371383747
1|1|"2016-06-17 15:00:00"|46,65873871633765
1|1|"2016-06-17 15:30:00"|45,16270926006657
1|1|"2016-06-17 16:00:00"|47,29499959155362
1|1|"2016-06-17 16:30:00"|46,0602421460997
1|1|"2016-06-17 17:00:00"|45,58500717594136
1|1|"2016-06-17 17:30:00"|47,323793133633146
1|1|"2016-06-17 18:00:00"|46,11081078224581
1|1|"2016-06-17 18:30:00"|46,75604145647138
1|1|"2016-06-17 19:00:00"|45,803178963972435
1|1|"2016-06-17 19:30:00"|45,7917189726003
1|1|"2016-06-17 20:00:00"|47,24183233766701
1|1|"2016-06-17 20:30:00"|47,23762509115903
1|1|"2016-06-17 21:00:00"|45,35559200724778
1|1|"2016-06-17 21:30:00"|47,0338641204011
1|1|"2016-06-17 22:00:00"|46,04599680664115
1|1|"2016-06-17 22:30:00"|46,6524861276818
1|1|"2016-06-17 23:00:00"|45,71108160297935
1|1|"2016-06-17 23:30:00"|47,00293748789397
1|1|"2016-06-18 00:00:00"|45,55812897553263
1|1|"2016-06-18 00:30:00"|45,709744361956076
1|1|"2016-06-18 01:00:00"|46,35578109417927
1|1|"2016-06-18 01:30:00"|46,620949963557095
1|1|"2016-06-18 02:00:00"|46,748814000818015
1|1|"2016-06-18 02:30:00"|47,07905143744361
1|1|"2016-06-18 03:00:00"|47,76778660000206
1|1|"2016-06-18 03:30:00"|46,68568517802663
1|1|"2016-06-18 04:00:00"|47,64098972130446
1|1|"2016-06-18 04:30:00"|47,45350081850499
1|1|"2016-06-18 05:00:00"|46,187781198324146
1|1|"2016-06-18 05:30:00"|47,273336897536616
1|1|"2016-06-18 06:00:00"|48,7999978699243
1|1|"2016-06-18 06:30:00"|46,827652665721374
1|1|"2016-06-18 07:00:00"|46,35068759926408
1|1|"2016-06-18 07:30:00"|47,39522368302689
1|1|"2016-06-18 08:00:00"|46,564640976513616
1|1|"2016-06-18 08:30:00"|47,478488045141894
1|1|"2016-06-18 09:00:00"|47,616792996665055
1|1|"2016-06-18 09:30:00"|47,63455931649813
1|1|"2016-06-18 10:00:00"|48,33379396679121
1|1|"2016-06-18 10:30:00"|46,6258892312441
1|1|"2016-06-18 11:00:00"|47,509893224466204
1|1|"2016-06-18 11:30:00"|48,081071287581594
1|1|"2016-06-18 12:00:00"|47,344576070318695
1|1|"2016-06-18 12:30:00"|47,13932809971512
1|1|"2016-06-18 13:00:00"|46,24001674326686
1|1|"2016-06-18 13:30:00"|47,91140493233382
1|1|"2016-06-18 14:00:00"|48,242114963552254
1|1|"2016-06-18 14:30:00"|47,62598121871489
1|1|"2016-06-18 15:00:00"|48,76973520817731
1|1|"2016-06-18 15:30:00"|47,39917384012598
1|1|"2016-06-18 16:00:00"|48,31054128898
1|1|"2016-06-18 16:30:00"|48,45647370365885
1|1|"2016-06-18 17:00:00"|47,40900339143876
1|1|"2016-06-18 17:30:00"|48,131372888133825
1|1|"2016-06-18 18:00:00"|47,99106916665478
1|1|"2016-06-18 18:30:00"|47,34743610545247
1|1|"2016-06-18 19:00:00"|49,173828969462555
1|1|"2016-06-18 19:30:00"|48,54179158150496
1|1|"2016-06-18 20:00:00"|47,394319564837794
1|1|"2016-06-18 20:30:00"|48,430535083651264
1|1|"2016-06-18 21:00:00"|48,37007218718977
1|1|"2016-06-18 21:30:00"|47,86218762098581
1|1|"2016-06-18 22:00:00"|47,72410560495352
1|1|"2016-06-18 22:30:00"|47,033911374115974
1|1|"2016-06-18 23:00:00"|48,67404438212788
1|1|"2016-06-18 23:30:00"|47,983917450728875
1|1|"2016-06-19 00:00:00"|48,412169484429185
1|1|"2016-06-19 00:30:00"|50,59461736276805
1|1|"2016-06-19 01:00:00"|48,204763304793346
1|1|"2016-06-19 01:30:00"|49,775266896974685
1|1|"2016-06-19 02:00:00"|48,98512654411801
1|1|"2016-06-19 02:30:00"|49,43412549571995
1|1|"2016-06-19 03:00:00"|49,15196938117924
1|1|"2016-06-19 03:30:00"|48,17300987724032
1|1|"2016-06-19 04:00:00"|48,060897936099344
1|1|"2016-06-19 04:30:00"|49,7743880783903
1|1|"2016-06-19 05:00:00"|49,22679443850984
1|1|"2016-06-19 05:30:00"|48,60861380610997
1|1|"2016-06-19 06:00:00"|48,930137349265706
1|1|"2016-06-19 06:30:00"|49,29307307916398
1|1|"2016-06-19 07:00:00"|49,72819239390967
1|1|"2016-06-19 07:30:00"|49,31238374259011
1|1|"2016-06-19 08:00:00"|49,841083257312334
1|1|"2016-06-19 08:30:00"|48,882443158456965
1|1|"2016-06-19 09:00:00"|49,070927083464376
1|1|"2016-06-19 09:30:00"|50,859718569727946
1|1|"2016-06-19 10:00:00"|48,63571936736153
1|1|"2016-06-19 10:30:00"|48,659084908903864
1|1|"2016-06-19 11:00:00"|49,17074202035302
1|1|"2016-06-19 11:30:00"|49,13206683424754
1|1|"2016-06-19 12:00:00"|50,100835192892426
1|1|"2016-06-19 12:30:00"|49,982306280940534
1|1|"2016-06-19 13:00:00"|48,60953381236044
1|1|"2016-06-19 13:30:00"|49,3882164157918
1|1|"2016-06-19 14:00:00"|50,10730162287341
1|1|"2016-06-19 14:30:00"|49,23779112132131
1|1|"2016-06-19 15:00:00"|50,221192750019505
1|1|"2016-06-19 15:30:00"|50,32183470829526
1|1|"2016-06-19 16:00:00"|49,389927701698454
1|1|"2016-06-19 16:30:00"|50,54302617287364
1|1|"2016-06-19 17:00:00"|50,42240944542588
1|1|"2016-06-19 17:30:00"|49,99597508425124
1|1|"2016-06-19 18:00:00"|48,21969602012408
1|1|"2016-06-19 18:30:00"|49,82379318986302
1|1|"2016-06-19 19:00:00"|49,6469412418976
1|1|"2016-06-19 19:30:00"|48,953458755831086
1|1|"2016-06-19 20:00:00"|49,26764031999069
1|1|"2016-06-19 20:30:00"|50,60084506202669
1|1|"2016-06-19 21:00:00"|51,16818386788492
1|1|"2016-06-19 21:30:00"|50,348085309887686
1|1|"2016-06-19 22:00:00"|49,96591993894609
1|1|"2016-06-19 22:30:00"|50,268459678656725
1|1|"2016-06-19 23:00:00"|50,7606783829013
1|1|"2016-06-19 23:30:00"|50,322513576524806
1|1|"2016-06-20 00:00:00"|50,19262449927258
1|1|"2016-06-20 00:30:00"|50,136266405796505
1|1|"2016-06-20 01:00:00"|51,11974342178634
1|1|"2016-06-20 01:30:00"|49,22852466723141
1|1|"2016-06-20 02:00:00"|49,85733684494662
1|1|"2016-06-20 02:30:00"|50,95963663473888
1|1|"2016-06-20 03:00:00"|50,92061395839646
1|1|"2016-06-20 03:30:00"|50,61301760960144
1|1|"2016-06-20 04:00:00"|50,10492592239102
1|1|"2016-06-20 04:30:00"|51,011149421666616
1|1|"2016-06-20 05:00:00"|50,841270629576776
1|1|"2016-06-20 05:30:00"|51,274025244650566
1|1|"2016-06-20 06:00:00"|51,92160786572556
1|1|"2016-06-20 06:30:00"|51,286757588534535
1|1|"2016-06-20 07:00:00"|50,38047526161417
1|1|"2016-06-20 07:30:00"|51,68807341099988
1|1|"2016-06-20 08:00:00"|52,14058581234756
1|1|"2016-06-20 08:30:00"|50,84761405728121
1|1|"2016-06-20 09:00:00"|50,71055455516106
1|1|"2016-06-20 09:30:00"|51,328558089288
1|1|"2016-06-20 10:00:00"|50,29236358965078
1|1|"2016-06-20 10:30:00"|49,93767883219811
1|1|"2016-06-20 11:00:00"|52,01404913331893
1|1|"2016-06-20 11:30:00"|51,72835135301709
1|1|"2016-06-20 12:00:00"|50,16272296028889
1|1|"2016-06-20 12:30:00"|52,013727241272306
1|1|"2016-06-20 13:00:00"|50,30327586205052
1|1|"2016-06-20 13:30:00"|50,23136504766562
1|1|"2016-06-20 14:00:00"|52,93528113913062
1|1|"2016-06-20 14:30:00"|51,48355439469425
1|1|"2016-06-20 15:00:00"|50,91672662733679
1|1|"2016-06-20 15:30:00"|51,17037164194921
1|1|"2016-06-20 16:00:00"|52,23404778642373
1|1|"2016-06-20 16:30:00"|50,80725621512509
1|1|"2016-06-20 17:00:00"|50,061108051293665
1|1|"2016-06-20 17:30:00"|50,5070386816327
1|1|"2016-06-20 18:00:00"|50,438612215133915
1|1|"2016-06-20 18:30:00"|51,32972654656326
1|1|"2016-06-20 19:00:00"|51,13584167726322
1|1|"2016-06-20 19:30:00"|52,82409082798066
1|1|"2016-06-20 20:00:00"|51,74606735443498
1|1|"2016-06-20 20:30:00"|52,66748956555752
1|1|"2016-06-20 21:00:00"|53,89145384040178
1|1|"2016-06-20 21:30:00"|51,54695619363929
1|1|"2016-06-20 22:00:00"|52,94331577153878
1|1|"2016-06-20 22:30:00"|51,345090666068714
1|1|"2016-06-20 23:00:00"|50,882921913173405
1|1|"2016-06-20 23:30:00"|51,01154085088932
1|1|"2016-06-21 00:00:00"|52,25070746133105
1|1|"2016-06-21 00:30:00"|52,135555200030375
1|1|"2016-06-21 01:00:00"|53,19369482446642
1|1|"2016-06-21 01:30:00"|52,68991824850591
1|1|"2016-06-21 02:00:00"|53,012571957528415
1|1|"2016-06-21 02:30:00"|51,28707324762705
1|1|"2016-06-21 03:00:00"|51,07013114296558
1|1|"2016-06-21 03:30:00"|52,67963998376575
1|1|"2016-06-21 04:00:00"|50,968729817344176
1|1|"2016-06-21 04:30:00"|51,858745671378685
1|1|"2016-06-21 05:00:00"|53,27365824381779
1|1|"2016-06-21 05:30:00"|51,59350824886765
1|1|"2016-06-21 06:00:00"|54,150895675633116
1|1|"2016-06-21 06:30:00"|52,912435168046
1|1|"2016-06-21 07:00:00"|51,16395011807687
1|1|"2016-06-21 07:30:00"|53,75370407427867
1|1|"2016-06-21 08:00:00"|51,1397253204773
1|1|"2016-06-21 08:30:00"|52,40850159656285
1|1|"2016-06-21 09:00:00"|53,063722920370836
1|1|"2016-06-21 09:30:00"|51,831677847885416
1|1|"2016-06-21 10:00:00"|53,616691778235634
1|1|"2016-06-21 10:30:00"|53,12808546203479
1|1|"2016-06-21 11:00:00"|53,42433432896911
1|1|"2016-06-21 11:30:00"|53,21317730712021
1|1|"2016-06-21 12:00:00"|53,58971075904365
1|1|"2016-06-21 12:30:00"|52,50997373753562
1|1|"2016-06-21 13:00:00"|52,438030999098906
1|1|"2016-06-21 13:30:00"|53,7082329832088
1|1|"2016-06-21 14:00:00"|53,4759984922742
1|1|"2016-06-21 14:30:00"|54,13520398302346
1|1|"2016-06-21 15:00:00"|53,02055240524406
1|1|"2016-06-21 15:30:00"|52,66579388522805
1|1|"2016-06-21 16:00:00"|52,83843686973038
1|1|"2016-06-21 16:30:00"|54,8251557107253
1|1|"2016-06-21 17:00:00"|54,01409246377917
1|1|"2016-06-21 17:30:00"|53,91941464898645
1|1|"2016-06-21 18:00:00"|54,82266205268483
1|1|"2016-06-21 18:30:00"|52,759526678397535
1|1|"2016-06-21 19:00:00"|54,40485664115812
1|1|"2016-06-21 19:30:00"|53,90136737430672
1|1|"2016-06-21 20:00:00"|54,31424106540892
1|1|"2016-06-21 20:30:00"|53,41955778607106
1|1|"2016-06-21 21:00:00"|53,77817790422678
1|1|"2016-06-21 21:30:00"|53,90893593899881
1|1|"2016-06-21 22:00:00"|54,018531940029426
1|1|"2016-06-21 22:30:00"|52,404987861791994
1|1|"2016-06-21 23:00:00"|52,250296554874865
1|1|"2016-06-21 23:30:00"|52,815609722284364
1|1|"2016-06-22 00:00:00"|55,080322323428746
1|1|"2016-06-22 00:30:00"|53,96051902832073
1|1|"2016-06-22 01:00:00"|54,463585137871725
1|1|"2016-06-22 01:30:00"|53,20407094690016
1|1|"2016-06-22 02:00:00"|54,289474574190514
1|1|"2016-06-22 02:30:00"|53,22625542614198
1|1|"2016-06-22 03:00:00"|53,54109046048535
1|1|"2016-06-22 03:30:00"|54,24036599303921
1|1|"2016-06-22 04:00:00"|54,665568116733674
1|1|"2016-06-22 04:30:00"|55,910056624912684
1|1|"2016-06-22 05:00:00"|56,31689545269285
1|1|"2016-06-22 05:30:00"|54,10090956534102
1|1|"2016-06-22 06:00:00"|56,02640884682319
1|1|"2016-06-22 06:30:00"|52,55553703976359
1|1|"2016-06-22 07:00:00"|56,371221282644925
1|1|"2016-06-22 07:30:00"|54,113463345887126
1|1|"2016-06-22 08:00:00"|53,820705684554525
1|1|"2016-06-22 08:30:00"|55,52686482246254
1|1|"2016-06-22 09:00:00"|54,78254573880106
1|1|"2016-06-22 09:30:00"|54,981254602841226
1|1|"2016-06-22 10:00:00"|53,814385465886616
1|1|"2016-06-22 10:30:00"|53,768230425671746
1|1|"2016-06-22 11:00:00"|54,88427048770559
1|1|"2016-06-22 11:30:00"|54,49051728203769
1|1|"2016-06-22 12:00:00"|54,36429559449632
1|1|"2016-06-22 12:30:00"|55,67559957741636
1|1|"2016-06-22 13:00:00"|55,248559589252274
1|1|"2016-06-22 13:30:00"|55,180581778677876
1|1|"2016-06-22 14:00:00"|55,38356641804533
1|1|"2016-06-22 14:30:00"|55,85808904753848
1|1|"2016-06-22 15:00:00"|55,55546064679051
1|1|"2016-06-22 15:30:00"|55,719380676269665
1|1|"2016-06-22 16:00:00"|56,443467123953425
1|1|"2016-06-22 16:30:00"|54,29999632114141
1|1|"2016-06-22 17:00:00"|54,17802994346671
1|1|"2016-06-22 17:30:00"|56,49266660800051
1|1|"2016-06-22 18:00:00"|55,95235690701217
1|1|"2016-06-22 18:30:00"|54,16550538504455
1|1|"2016-06-22 19:00:00"|56,80143186819345
1|1|"2016-06-22 19:30:00"|55,18809463039882
1|1|"2016-06-22 20:00:00"|56,51320847194556
1|1|"2016-06-22 20:30:00"|56,785814556319416
1|1|"2016-06-22 21:00:00"|55,54359375269996
1|1|"2016-06-22 21:30:00"|56,32909337490063
1|1|"2016-06-22 22:00:00"|54,343846763951355
1|1|"2016-06-22 22:30:00"|56,03989276060611
1|1|"2016-06-22 23:00:00"|55,384819473129156
1|1|"2016-06-22 23:30:00"|55,481150008055536
1|1|"2016-06-23 00:00:00"|55,155156785551995
1|1|"2016-06-23 00:30:00"|55,41361038019376
1|1|"2016-06-23 01:00:00"|55,288096731419515
1|1|"2016-06-23 01:30:00"|56,84174963092787
1|1|"2016-06-23 02:00:00"|56,40480577204977
1|1|"2016-06-23 02:30:00"|56,837395434119536
1|1|"2016-06-23 03:00:00"|55,82427037870222
1|1|"2016-06-23 03:30:00"|56,04336834440619
1|1|"2016-06-23 04:00:00"|54,992581314469945
1|1|"2016-06-23 04:30:00"|55,95392821606107
1|1|"2016-06-23 05:00:00"|56,710705808490275
1|1|"2016-06-23 05:30:00"|56,98549041920936
1|1|"2016-06-23 06:00:00"|56,35228372276813
1|1|"2016-06-23 06:30:00"|55,37108247651314
1|1|"2016-06-23 07:00:00"|56,00639385242796
1|1|"2016-06-23 07:30:00"|54,88931200088895
1|1|"2016-06-23 08:00:00"|56,78532048190571
1|1|"2016-06-23 08:30:00"|56,054623528420834
1|1|"2016-06-23 09:00:00"|55,95499603205079
1|1|"2016-06-23 09:30:00"|56,45486732292939
1|1|"2016-06-23 10:00:00"|57,55185918743126
1|1|"2016-06-23 10:30:00"|56,66197512204078
1|1|"2016-06-23 11:00:00"|56,45640866834185
1|1|"2016-06-23 11:30:00"|57,488126741311916
1|1|"2016-06-23 12:00:00"|57,955419361918175
1|1|"2016-06-23 12:30:00"|57,51810236290432
1|1|"2016-06-23 13:00:00"|57,20565451959637
1|1|"2016-06-23 13:30:00"|56,861456673968256
1|1|"2016-06-23 14:00:00"|55,55516092959469
1|1|"2016-06-23 14:30:00"|59,15218234164017
1|1|"2016-06-23 15:00:00"|56,98415910836892
1|1|"2016-06-23 15:30:00"|55,90545109311296
1|1|"2016-06-23 16:00:00"|57,30459214391593
1|1|"2016-06-23 16:30:00"|56,692643221268284
1|1|"2016-06-23 17:00:00"|56,890431830230796
1|1|"2016-06-23 17:30:00"|56,70910392654122
1|1|"2016-06-23 18:00:00"|58,753530750241815
1|1|"2016-06-23 18:30:00"|58,78478524279942
1|1|"2016-06-23 19:00:00"|58,5607744884184
1|1|"2016-06-23 19:30:00"|58,273069697116554
1|1|"2016-06-23 20:00:00"|58,13156126321642
1|1|"2016-06-23 20:30:00"|57,88606027523118
1|1|"2016-06-23 21:00:00"|57,5069571713929
1|1|"2016-06-23 21:30:00"|57,62718395583079
1|1|"2016-06-23 22:00:00"|58,25201865038781
1|1|"2016-06-23 22:30:00"|58,4739827664127
1|1|"2016-06-23 23:00:00"|56,888250237905694
1|1|"2016-06-23 23:30:00"|59,220373655626034
1|1|"2016-06-24 00:00:00"|57,82765637987044
1|1|"2016-06-24 00:30:00"|58,763935512966974
1|1|"2016-06-24 01:00:00"|57,32175959558782
1|1|"2016-06-24 01:30:00"|59,42476709873738
1|1|"2016-06-24 02:00:00"|57,68495813028737
1|1|"2016-06-24 02:30:00"|57,080416203848834
1|1|"2016-06-24 03:00:00"|59,02996388188367
1|1|"2016-06-24 03:30:00"|57,25606829022887
1|1|"2016-06-24 04:00:00"|58,035316124270004
1|1|"2016-06-24 04:30:00"|58,804531039887046
1|1|"2016-06-24 05:00:00"|59,03812873398783
1|1|"2016-06-24 05:30:00"|56,568136558961044
1|1|"2016-06-24 06:00:00"|58,516114220290056
1|1|"2016-06-24 06:30:00"|58,69975797547636
1|1|"2016-06-24 07:00:00"|56,596011084096304
1|1|"2016-06-24 07:30:00"|58,108332626593324
1|1|"2016-06-24 08:00:00"|58,92004762107557
1|1|"2016-06-24 08:30:00"|59,54617525493935
1|1|"2016-06-24 09:00:00"|57,41576402249797
1|1|"2016-06-24 09:30:00"|58,90766437421938
1|1|"2016-06-24 10:00:00"|59,543380924322136
1|1|"2016-06-24 10:30:00"|58,48203989236731
1|1|"2016-06-24 11:00:00"|60,2349712480313
1|1|"2016-06-24 11:30:00"|60,11282833386266
1|1|"2016-06-24 12:00:00"|59,5323609956633
1|1|"2016-06-24 12:30:00"|57,44718349756924
1|1|"2016-06-24 13:00:00"|58,37894992079443
1|1|"2016-06-24 13:30:00"|58,06890173269102
1|1|"2016-06-24 14:00:00"|59,50888282997339
1|1|"2016-06-24 14:30:00"|60,677837903098826
1|1|"2016-06-24 15:00:00"|58,842089248580805
1|1|"2016-06-24 15:30:00"|57,890333633225644
1|1|"2016-06-24 16:00:00"|58,47738716834899
1|1|"2016-06-24 16:30:00"|58,34155906672921
1|1|"2016-06-24 17:00:00"|59,262653200447765
1|1|"2016-06-24 17:30:00"|59,4269230960665
1|1|"2016-06-24 18:00:00"|59,268263421073094
1|1|"2016-06-24 18:30:00"|58,467343845326965
1|1|"2016-06-24 19:00:00"|61,151201760542904
1|1|"2016-06-24 19:30:00"|59,11569934290967
1|1|"2016-06-24 20:00:00"|60,16370982018225
1|1|"2016-06-24 20:30:00"|60,03239017860842
1|1|"2016-06-24 21:00:00"|58,574910590446095
1|1|"2016-06-24 21:30:00"|59,23244239304563
1|1|"2016-06-24 22:00:00"|59,7011434778012
1|1|"2016-06-24 22:30:00"|59,513038022413774
1|1|"2016-06-24 23:00:00"|59,91149088139987
1|1|"2016-06-24 23:30:00"|60,1527006540977
1|1|"2016-06-25 00:00:00"|60,40899743920208
1|1|"2016-06-25 00:30:00"|61,279046003933864
1|1|"2016-06-25 01:00:00"|61,11494425991966
1|1|"2016-06-25 01:30:00"|61,24687003149669
1|1|"2016-06-25 02:00:00"|60,07502573502127
1|1|"2016-06-25 02:30:00"|60,05756013966699
1|1|"2016-06-25 03:00:00"|60,4872034799432
1|1|"2016-06-25 03:30:00"|60,13837637560887
1|1|"2016-06-25 04:00:00"|58,89611260278664
1|1|"2016-06-25 04:30:00"|60,01136538495636
1|1|"2016-06-25 05:00:00"|58,789571651655
1|1|"2016-06-25 05:30:00"|60,827228825349536
1|1|"2016-06-25 06:00:00"|60,42794356748796
1|1|"2016-06-25 06:30:00"|59,9787879456848
1|1|"2016-06-25 07:00:00"|58,09541820821661
1|1|"2016-06-25 07:30:00"|60,92918680728708
1|1|"2016-06-25 08:00:00"|60,59393124188695
1|1|"2016-06-25 08:30:00"|59,950257683772165
1|1|"2016-06-25 09:00:00"|60,683101072084085
1|1|"2016-06-25 09:30:00"|60,05630690107146
1|1|"2016-06-25 10:00:00"|60,82615026893008
1|1|"2016-06-25 10:30:00"|61,29192943886808
1|1|"2016-06-25 11:00:00"|61,56178206768395
1|1|"2016-06-25 11:30:00"|59,40700130019128
1|1|"2016-06-25 12:00:00"|59,95281298583386
1|1|"2016-06-25 12:30:00"|59,59143230107018
1|1|"2016-06-25 13:00:00"|59,839366673299025
1|1|"2016-06-25 13:30:00"|61,628566234516214
1|1|"2016-06-25 14:00:00"|62,002914814511314
1|1|"2016-06-25 14:30:00"|59,473269909481964
1|1|"2016-06-25 15:00:00"|60,36146679675537
1|1|"2016-06-25 15:30:00"|60,83624592260185
1|1|"2016-06-25 16:00:00"|61,46199060199988
1|1|"2016-06-25 16:30:00"|61,131515728797275
1|1|"2016-06-25 17:00:00"|62,22349894333155
1|1|"2016-06-25 17:30:00"|60,02713685985407
1|1|"2016-06-25 18:00:00"|60,02493757064663
1|1|"2016-06-25 18:30:00"|62,71678104947044
1|1|"2016-06-25 19:00:00"|61,689438201794914
1|1|"2016-06-25 19:30:00"|61,08788806150359
1|1|"2016-06-25 20:00:00"|62,36720428610215
1|1|"2016-06-25 20:30:00"|61,79037429487293
1|1|"2016-06-25 21:00:00"|62,63544597981404
1|1|"2016-06-25 21:30:00"|60,50151970791434
1|1|"2016-06-25 22:00:00"|62,15236943116956
1|1|"2016-06-25 22:30:00"|62,198489993353704
1|1|"2016-06-25 23:00:00"|62,21953245542959
1|1|"2016-06-25 23:30:00"|61,81416540399762
1|1|"2016-06-26 00:00:00"|62,10000166299992
1|1|"2016-06-26 00:30:00"|61,763851394553896
1|1|"2016-06-26 01:00:00"|61,949478399384745
1|1|"2016-06-26 01:30:00"|62,67787241585611
1|1|"2016-06-26 02:00:00"|60,61955997720243
1|1|"2016-06-26 02:30:00"|63,42120293954183
1|1|"2016-06-26 03:00:00"|61,697468256706394
1|1|"2016-06-26 03:30:00"|61,74849239253774
1|1|"2016-06-26 04:00:00"|62,30811320319124
1|1|"2016-06-26 04:30:00"|63,206822892602986
1|1|"2016-06-26 05:00:00"|61,544780911268205
1|1|"2016-06-26 05:30:00"|62,950030652495684
1|1|"2016-06-26 06:00:00"|62,39291555963041
1|1|"2016-06-26 06:30:00"|62,33639758772226
1|1|"2016-06-26 07:00:00"|63,40168614384551
1|1|"2016-06-26 07:30:00"|61,80033232068543
1|1|"2016-06-26 08:00:00"|60,988221033166084
1|1|"2016-06-26 08:30:00"|61,290502829087906
1|1|"2016-06-26 09:00:00"|62,51269142725283
1|1|"2016-06-26 09:30:00"|62,505299636698986
1|1|"2016-06-26 10:00:00"|63,909372794090004
1|1|"2016-06-26 10:30:00"|62,30001846265204
1|1|"2016-06-26 11:00:00"|63,38393888105973
1|1|"2016-06-26 11:30:00"|63,658811628020416
1|1|"2016-06-26 12:00:00"|60,456498723178285
1|1|"2016-06-26 12:30:00"|61,72478573707129
1|1|"2016-06-26 13:00:00"|62,69801789254232
1|1|"2016-06-26 13:30:00"|61,76243355312995
1|1|"2016-06-26 14:00:00"|62,66123467775685
1|1|"2016-06-26 14:30:00"|62,56728891443397
1|1|"2016-06-26 15:00:00"|62,415827647266724
1|1|"2016-06-26 15:30:00"|60,50984290036396
1|1|"2016-06-26 16:00:00"|63,32522228762339
1|1|"2016-06-26 16:30:00"|62,371370233281596
1|1|"2016-06-26 17:00:00"|63,637252704885135
1|1|"2016-06-26 17:30:00"|64,15337620222621
1|1|"2016-06-26 18:00:00"|62,28286883953392
1|1|"2016-06-26 18:30:00"|62,616509713587995
1|1|"2016-06-26 19:00:00"|62,16544516712793
1|1|"2016-06-26 19:30:00"|62,09632174441724
1|1|"2016-06-26 20:00:00"|63,26590667402129
1|1|"2016-06-26 20:30:00"|62,82560752513153
1|1|"2016-06-26 21:00:00"|62,47894428499355
1|1|"2016-06-26 21:30:00"|62,705256624437446
1|1|"2016-06-26 22:00:00"|62,696399232055605
1|1|"2016-06-26 22:30:00"|62,22826116809665
1|1|"2016-06-26 23:00:00"|64,03193534730727
1|1|"2016-06-26 23:30:00"|64,2344740512305
1|1|"2016-06-27 00:00:00"|63,677271951750186
1|1|"2016-06-27 00:30:00"|62,04493697756512
1|1|"2016-06-27 01:00:00"|62,64219197856569
1|1|"2016-06-27 01:30:00"|63,37240219676251
1|1|"2016-06-27 02:00:00"|64,68196157991083
1|1|"2016-06-27 02:30:00"|63,21833498701001
1|1|"2016-06-27 03:00:00"|63,94450077648561
1|1|"2016-06-27 03:30:00"|64,28888860717888
1|1|"2016-06-27 04:00:00"|63,28994648335081
1|1|"2016-06-27 04:30:00"|64,0790577058583
1|1|"2016-06-27 05:00:00"|62,93052110160447
1|1|"2016-06-27 05:30:00"|63,7935877068838
1|1|"2016-06-27 06:00:00"|63,056335256808055
1|1|"2016-06-27 06:30:00"|61,99277019130267
1|1|"2016-06-27 07:00:00"|64,05272922333427
1|1|"2016-06-27 07:30:00"|64,33302283041454
1|1|"2016-06-27 08:00:00"|64,11598226284109
1|1|"2016-06-27 08:30:00"|62,71730896901628
1|1|"2016-06-27 09:00:00"|62,679609810277576
1|1|"2016-06-27 09:30:00"|63,44576126798406
1|1|"2016-06-27 10:00:00"|61,917220947332055
1|1|"2016-06-27 10:30:00"|66,61064330600098
1|1|"2016-06-27 11:00:00"|62,82978633313301
1|1|"2016-06-27 11:30:00"|63,04987702391615
1|1|"2016-06-27 12:00:00"|66,11373744292995
1|1|"2016-06-27 12:30:00"|63,401208187354044
1|1|"2016-06-27 13:00:00"|63,37282168660663
1|1|"2016-06-27 13:30:00"|66,29253321849112
1|1|"2016-06-27 14:00:00"|65,06730896025306
1|1|"2016-06-27 14:30:00"|66,4743916947967
1|1|"2016-06-27 15:00:00"|64,2589489485208
1|1|"2016-06-27 15:30:00"|64,51785348783454
1|1|"2016-06-27 16:00:00"|63,75106340754455
1|1|"2016-06-27 16:30:00"|64,3975728003418
1|1|"2016-06-27 17:00:00"|64,86641896060355
1|1|"2016-06-27 17:30:00"|64,24356631813457
1|1|"2016-06-27 18:00:00"|65,57499123276763
1|1|"2016-06-27 18:30:00"|65,53114238001959
1|1|"2016-06-27 19:00:00"|67,15965218428518
1|1|"2016-06-27 19:30:00"|64,49566797112132
1|1|"2016-06-27 20:00:00"|66,23679101617375
1|1|"2016-06-27 20:30:00"|65,57861458292604
1|1|"2016-06-27 21:00:00"|65,0047740328586
1|1|"2016-06-27 21:30:00"|64,87221508696976
1|1|"2016-06-27 22:00:00"|66,41606318807553
1|1|"2016-06-27 22:30:00"|64,63303164019257
1|1|"2016-06-27 23:00:00"|66,08210228581481
1|1|"2016-06-27 23:30:00"|66,07688193090266
1|1|"2016-06-28 00:00:00"|65,30467913750601
1|1|"2016-06-28 00:30:00"|66,66639233380667
1|1|"2016-06-28 01:00:00"|65,24303160328618
1|1|"2016-06-28 01:30:00"|65,7346184458086
1|1|"2016-06-28 02:00:00"|65,1186175987431
1|1|"2016-06-28 02:30:00"|66,56343332586047
1|1|"2016-06-28 03:00:00"|66,10615740498022
1|1|"2016-06-28 03:30:00"|66,35251791143546
1|1|"2016-06-28 04:00:00"|65,99086467765883
1|1|"2016-06-28 04:30:00"|65,33806233194757
1|1|"2016-06-28 05:00:00"|66,42626303682343
1|1|"2016-06-28 05:30:00"|66,69720640135014
1|1|"2016-06-28 06:00:00"|65,97109423818283
1|1|"2016-06-28 06:30:00"|64,9908385905762
1|1|"2016-06-28 07:00:00"|66,41341390225921
1|1|"2016-06-28 07:30:00"|63,87790995379864
1|1|"2016-06-28 08:00:00"|64,90328066073212
1|1|"2016-06-28 08:30:00"|67,15399928237737
1|1|"2016-06-28 09:00:00"|66,54149742944064
1|1|"2016-06-28 09:30:00"|67,64765749649771
1|1|"2016-06-28 10:00:00"|66,51083690632606
1|1|"2016-06-28 10:30:00"|65,81406095793302
1|1|"2016-06-28 11:00:00"|66,00476167652522
1|1|"2016-06-28 11:30:00"|65,62200937724887
1|1|"2016-06-28 12:00:00"|65,6964794126105
1|1|"2016-06-28 12:30:00"|66,29151675649359
1|1|"2016-06-28 13:00:00"|64,57159652083955
1|1|"2016-06-28 13:30:00"|66,726004915814
1|1|"2016-06-28 14:00:00"|66,16115766540265
1|1|"2016-06-28 14:30:00"|66,69945542244821
1|1|"2016-06-28 15:00:00"|65,66908080901104
1|1|"2016-06-28 15:30:00"|65,60413858129223
1|1|"2016-06-28 16:00:00"|67,37718032899573
1|1|"2016-06-28 16:30:00"|65,63845200260937
1|1|"2016-06-28 17:00:00"|66,05491258578702
1|1|"2016-06-28 17:30:00"|66,50828106782134
1|1|"2016-06-28 18:00:00"|66,9822499324658
1|1|"2016-06-28 18:30:00"|67,62575097447525
1|1|"2016-06-28 19:00:00"|67,342606918762
1|1|"2016-06-28 19:30:00"|65,61551369600468
1|1|"2016-06-28 20:00:00"|66,48831403553332
1|1|"2016-06-28 20:30:00"|68,08092670809583
1|1|"2016-06-28 21:00:00"|67,35730703167405
1|1|"2016-06-28 21:30:00"|65,41548765296625
1|1|"2016-06-28 22:00:00"|65,76592501848954
1|1|"2016-06-28 22:30:00"|65,526864565946
1|1|"2016-06-28 23:00:00"|67,08002125582883
1|1|"2016-06-28 23:30:00"|67,30892501287818
1|1|"2016-06-29 00:00:00"|68,97388575653059
1|1|"2016-06-29 00:30:00"|66,63165890527438
1|1|"2016-06-29 01:00:00"|64,70864677167715
1|1|"2016-06-29 01:30:00"|68,0211886093374
1|1|"2016-06-29 02:00:00"|66,86418629257325
1|1|"2016-06-29 02:30:00"|66,26056622427681
1|1|"2016-06-29 03:00:00"|66,60934163052713
1|1|"2016-06-29 03:30:00"|65,75212253288471
1|1|"2016-06-29 04:00:00"|68,01993560686199
1|1|"2016-06-29 04:30:00"|66,2134493816931
1|1|"2016-06-29 05:00:00"|66,3720851956625
1|1|"2016-06-29 05:30:00"|66,26155224784655
1|1|"2016-06-29 06:00:00"|68,06440623647869
1|1|"2016-06-29 06:30:00"|68,12792002108661
1|1|"2016-06-29 07:00:00"|69,35596602274433
1|1|"2016-06-29 07:30:00"|67,8091966187114
1|1|"2016-06-29 08:00:00"|66,17382889674322
1|1|"2016-06-29 08:30:00"|68,94642080032773
1|1|"2016-06-29 09:00:00"|68,66701679966448
1|1|"2016-06-29 09:30:00"|67,03471796367397
1|1|"2016-06-29 10:00:00"|65,74063260587266
1|1|"2016-06-29 10:30:00"|67,2823773614191
1|1|"2016-06-29 11:00:00"|67,70017522479331
1|1|"2016-06-29 11:30:00"|67,74491062162579
1|1|"2016-06-29 12:00:00"|67,06678872245905
1|1|"2016-06-29 12:30:00"|67,48293124685219
1|1|"2016-06-29 13:00:00"|70,42524184457518
1|1|"2016-06-29 13:30:00"|68,10899135381514
1|1|"2016-06-29 14:00:00"|68,91736242287438
1|1|"2016-06-29 14:30:00"|66,83695919268305
1|1|"2016-06-29 15:00:00"|69,76303522243401
1|1|"2016-06-29 15:30:00"|68,47394356576231
1|1|"2016-06-29 16:00:00"|68,5974738991962
1|1|"2016-06-29 16:30:00"|68,76768154490556
1|1|"2016-06-29 17:00:00"|69,47925766219741
1|1|"2016-06-29 17:30:00"|69,69338271742139
1|1|"2016-06-29 18:00:00"|66,97438534823316
1|1|"2016-06-29 18:30:00"|67,54023640249048
1|1|"2016-06-29 19:00:00"|68,05652002167919
1|1|"2016-06-29 19:30:00"|69,3518774866388
1|1|"2016-06-29 20:00:00"|69,36343377842756
1|1|"2016-06-29 20:30:00"|67,94041403058507
1|1|"2016-06-29 21:00:00"|68,05555274848275
1|1|"2016-06-29 21:30:00"|70,65472649523386
1|1|"2016-06-29 22:00:00"|69,61453637886225
1|1|"2016-06-29 22:30:00"|70,74553827890936
1|1|"2016-06-29 23:00:00"|69,1874515766902
1|1|"2016-06-29 23:30:00"|67,70694098711874
1|1|"2016-06-30 00:00:00"|67,25832964940089
1|1|"2016-06-30 00:30:00"|68,5221788660541
1|1|"2016-06-30 01:00:00"|68,48402523204886
1|1|"2016-06-30 01:30:00"|70,8458889691358
1|1|"2016-06-30 02:00:00"|66,70293403736238
1|1|"2016-06-30 02:30:00"|68,81383720368018
1|1|"2016-06-30 03:00:00"|68,86613127207062
1|1|"2016-06-30 03:30:00"|70,74403138391722
1|1|"2016-06-30 04:00:00"|66,57337179211261
1|1|"2016-06-30 04:30:00"|67,43591247943178
1|1|"2016-06-30 05:00:00"|69,59223268976419
1|1|"2016-06-30 05:30:00"|70,02048695745296
1|1|"2016-06-30 06:00:00"|68,70338747346219
1|1|"2016-06-30 06:30:00"|70,22955319918847
1|1|"2016-06-30 07:00:00"|68,45627363945474
1|1|"2016-06-30 07:30:00"|70,7394198354423
1|1|"2016-06-30 08:00:00"|68,30360721091316
1|1|"2016-06-30 08:30:00"|71,25199526526701
1|1|"2016-06-30 09:00:00"|70,02532539413502
1|1|"2016-06-30 09:30:00"|68,92965477435564
1|1|"2016-06-30 10:00:00"|70,02399055449291
1|1|"2016-06-30 10:30:00"|68,06360008082243
1|1|"2016-06-30 11:00:00"|70,23006577451035
1|1|"2016-06-30 11:30:00"|70,00854333075907
1|1|"2016-06-30 12:00:00"|71,38734258985878
1|1|"2016-06-30 12:30:00"|68,73903237078879
1|1|"2016-06-30 13:00:00"|69,19792201473796
1|1|"2016-06-30 13:30:00"|68,24111298959211
1|1|"2016-06-30 14:00:00"|70,15868222293872
1|1|"2016-06-30 14:30:00"|69,91927787693344
1|1|"2016-06-30 15:00:00"|68,74916110555675
1|1|"2016-06-30 15:30:00"|70,38868481478146
1|1|"2016-06-30 16:00:00"|68,7114140854947
1|1|"2016-06-30 16:30:00"|72,45627712584063
1|1|"2016-06-30 17:00:00"|71,90169170112053
1|1|"2016-06-30 17:30:00"|70,07556826405578
1|1|"2016-06-30 18:00:00"|70,86168806113145
1|1|"2016-06-30 18:30:00"|71,41143394191707
1|1|"2016-06-30 19:00:00"|69,1600288614627
1|1|"2016-06-30 19:30:00"|70,29064544380712
1|1|"2016-06-30 20:00:00"|70,33346192708449
1|1|"2016-06-30 20:30:00"|69,99944902058022
1|1|"2016-06-30 21:00:00"|68,39251979764106
1|1|"2016-06-30 21:30:00"|71,28208735385127
1|1|"2016-06-30 22:00:00"|71,01695544552857
1|1|"2016-06-30 22:30:00"|70,60225459414058
1|1|"2016-06-30 23:00:00"|70,17170227863298
1|1|"2016-06-30 23:30:00"|70,07759397413213
1|1|"2016-07-01 00:00:00"|69,65244359988331
